{
  "project_info": {
    "project_number": "528364945431",
    "firebase_url": "https://reminder-afffa.firebaseio.com",
    "project_id": "reminder-afffa",
    "storage_bucket": "reminder-afffa.appspot.com"
  },
  "client": [
    {
      "client_info": {
        "mobilesdk_app_id": "1:528364945431:android:327239f9f8853e3ad81c52",
        "android_client_info": {
          "package_name": "com.example.reminder"
        }
      },
      "oauth_client": [
        {
          "client_id": "528364945431-arp8uao86s2ptul75diaevk4p1t4pqc1.apps.googleusercontent.com",
          "client_type": 1,
          "android_info": {
            "package_name": "com.example.reminder",
            "certificate_hash": "f230a26bcb3c5816de5bcd1ee05e73cdf8dcea74"
          }
        },
        {
          "client_id": "528364945431-p06j5rmi7s7v6gm15943qm8ump3omipr.apps.googleusercontent.com",
          "client_type": 3
        }
      ],
      "api_key": [
        {
          "current_key": "AIzaSyAPULCdlCreNgJC0g6KpU108VTBCKsU73w"
        }
      ],
      "services": {
        "appinvite_service": {
          "other_platform_oauth_client": [
            {
              "client_id": "528364945431-p06j5rmi7s7v6gm15943qm8ump3omipr.apps.googleusercontent.com",
              "client_type": 3
            }
          ]
        }
      }
    }
  ],
  "configuration_version": "1"
}